shankar	Shankar	शंकर
mishra	Mishra	मिश्रा
dwivedi	Dwivedi	द्विवेदी
aaradhya	Aaradhya	आराध्या
rahul	Rahul	राहुल
rohit	Rohit	रोहित
amit	Amit	अमित
arun	Arun	अरुण
vijay	Vijay	विजय
suresh	Suresh	सुरेश
ramesh	Ramesh	रमेश
rajesh	Rajesh	राजेश
mukesh	Mukesh	मुकेश
sunil	Sunil	सुनील
ajay	Ajay	अजय
sanjay	Sanjay	संजय
vikas	Vikas	विकास
deepak	Deepak	दीपक
manish	Manish	मनीष
ravi	Ravi	रवि
nikhil	Nikhil	निखिल
ankit	Ankit	अंकित
gaurav	Gaurav	गौरव
mohit	Mohit	मोहित
kartik	Kartik	कार्तिक
arjun	Arjun	अर्जुन
yash	Yash	यश
aman	Aman	अमन
akash	Akash	आकाश
varun	Varun	वरुण
harsh	Harsh	हर्ष
shubham	Shubham	शुभम
rishabh	Rishabh	ऋषभ
tarun	Tarun	तरुण
sachin	Sachin	सचिन
vishal	Vishal	विशाल
lalit	Lalit	ललित
naveen	Naveen	नवीन
piyush	Piyush	पीयूष
kunal	Kunal	कुणाल
abhinav	Abhinav	अभिनव
tushar	Tushar	तुषार
siddharth	Siddharth	सिद्धार्थ
vivek	Vivek	विवेक
mayank	Mayank	मयंक
ashish	Ashish	आशीष
devesh	Devesh	देवेश
kuldeep	Kuldeep	कुलदीप
priya	Priya	प्रिया
pooja	Pooja	पूजा
sneha	Sneha	स्नेहा
kavya	Kavya	काव्या
neha	Neha	नेहा
asha	Asha	आशा
sunita	Sunita	सुनीता
rekha	Rekha	रेखा
geeta	Geeta	गीता
sita	Sita	सीता
anita	Anita	अनीता
meena	Meena	मीना
radha	Radha	राधा
deepa	Deepa	दीपा
usha	Usha	उषा
ritu	Ritu	ऋतु
komal	Komal	कोमल
sapna	Sapna	सपना
divya	Divya	दिव्या
riya	Riya	रिया
tanvi	Tanvi	तन्वी
nisha	Nisha	निशा
swati	Swati	स्वाति
mansi	Mansi	मानसी
ankita	Ankita	अंकिता
shruti	Shruti	श्रुति
pallavi	Pallavi	पल्लवी
shweta	Shweta	श्वेता
aarti	Aarti	आरती
rashmi	Rashmi	रश्मि
priyanka	Priyanka	प्रियंका
simran	Simran	सिमरन
jasmine	Jasmine	जास्मिन
fatima	Fatima	फ़ातिमा
aisha	Aisha	आयशा
zara	Zara	ज़ारा
sharma	Sharma	शर्मा
verma	Verma	वर्मा
gupta	Gupta	गुप्ता
singh	Singh	सिंह
kumar	Kumar	कुमार
patel	Patel	पटेल
khan	Khan	ख़ान
reddy	Reddy	रेड्डी
joshi	Joshi	जोशी
chauhan	Chauhan	चौहान
yadav	Yadav	यादव
tiwari	Tiwari	तिवारी
pandey	Pandey	पांडेय
dubey	Dubey	दुबे
tripathi	Tripathi	त्रिपाठी
srivastava	Srivastava	श्रीवास्तव
agarwal	Agarwal	अग्रवाल
bansal	Bansal	बंसल
jain	Jain	जैन
mehta	Mehta	मेहता
kapoor	Kapoor	कपूर
malhotra	Malhotra	मल्होत्रा
bhatia	Bhatia	भाटिया
nair	Nair	नायर
menon	Menon	मेनन
pillai	Pillai	पिल्लई
iyer	Iyer	अय्यर
naidu	Naidu	नायडू
rao	Rao	राव
shetty	Shetty	शेट्टी
hegde	Hegde	हेगड़े
chaudhary	Chaudhary	चौधरी
rawat	Rawat	रावत
thakur	Thakur	ठाकुर
bose	Bose	बोस
chatterjee	Chatterjee	चटर्जी
mukherjee	Mukherjee	मुखर्जी
banerjee	Banerjee	बनर्जी
ghosh	Ghosh	घोष
sen	Sen	सेन
das	Das	दास
roy	Roy	रॉय
ansari	Ansari	अंसारी
siddiqui	Siddiqui	सिद्दीकी
sheikh	Sheikh	शेख़
ali	Ali	अली
ananya	Ananya	अनन्या
ishaan	Ishaan	ईशान
aditya	Aditya	आदित्य
kavita	Kavita	कविता
manoj	Manoj	मनोज
sanjana	Sanjana	संजना
nitin	Nitin	नितिन
ritika	Ritika	रितिका
vikram	Vikram	विक्रम
preeti	Preeti	प्रीति
pankaj	Pankaj	पंकज
meghna	Meghna	मेघना
rohini	Rohini	रोहिणी
abhishek	Abhishek	अभिषेक
sumit	Sumit	सुमित
aarav	Aarav	आरव
diya	Diya	दिया
saanvi	Saanvi	सान्वी
veer	Veer	वीर
aishwarya	Aishwarya	ऐश्वर्या
harshit	Harshit	हर्षित
shivam	Shivam	शिवम
tanishka	Tanishka	तनिष्का
dhruv	Dhruv	ध्रुव
nandini	Nandini	नंदिनी
saurabh	Saurabh	सौरभ
kiran	Kiran	किरण
shikha	Shikha	शिखा
hemant	Hemant	हेमंत
babita	Babita	बबिता
neeraj	Neeraj	नीरज
archana	Archana	अर्चना
girish	Girish	गिरीश
varsha	Varsha	वर्षा
alok	Alok	आलोक
sampada	Sampada	सम्पदा
chetan	Chetan	चेतन
meera	Meera	मीरा
rajiv	Rajiv	राजीव
garima	Garima	गरिमा
ayaan	Ayaan	अयान
zoya	Zoya	ज़ोया
farhan	Farhan	फ़रहान
naziya	Naziya	नाज़िया
noida	Noida	नोएडा
delhi	Delhi	दिल्ली
mumbai	Mumbai	मुंबई
bangalore	Bangalore	बैंगलोर
bengaluru	Bengaluru	बेंगलुरु
pune	Pune	पुणे
chennai	Chennai	चेन्नई
kolkata	Kolkata	कोलकाता
hyderabad	Hyderabad	हैदराबाद
ahmedabad	Ahmedabad	अहमदाबाद
jaipur	Jaipur	जयपुर
lucknow	Lucknow	लखनऊ
kanpur	Kanpur	कानपुर
indore	Indore	इंदौर
bhopal	Bhopal	भोपाल
patna	Patna	पटना
gurgaon	Gurgaon	गुड़गाँव
gurugram	Gurugram	गुरुग्राम
chandigarh	Chandigarh	चंडीगढ़
surat	Surat	सूरत
nagpur	Nagpur	नागपुर
ludhiana	Ludhiana	लुधियाना
agra	Agra	आगरा
varanasi	Varanasi	वाराणसी
ranchi	Ranchi	रांची
bhubaneswar	Bhubaneswar	भुवनेश्वर
kochi	Kochi	कोच्चि
goa	Goa	गोवा
mysore	Mysore	मैसूर
faridabad	Faridabad	फरीदाबाद
